abidef,È±Ïİ·¦Ñø¾ú ,Abiotrophia defectiva
alcxld,·´Ïõ»¯ÎŞÉ«¸Ë¾ú,Achromobacter denitrificans
achxyl,Ä¾ÌÇÑõ»¯ÎŞÉ«¸Ë¾ú,Achromobacter xylosoxidans
acibau,±«Âü²»¶¯¸Ë¾ú ,Acinetobacter baumannii
acibcx,±«Âü²»¶¯¸Ë¾ú¸´ºÏ¾ú,Acinetobacter baumannii  complex
acicba,´×Ëá¸Æ²»¶¯¸Ë¾ú ,Acinetobacter calcoaceticus
acihae,ÈÜÑª²»¶¯¸Ë¾ú,Acinetobacter haemolyticus
acijoh,Ô¼ÊÏ²»¶¯¸Ë¾ú,Acinetobacter johnsonii
acijun,ÇíÊÏ²»¶¯¸Ë¾ú,Acinetobacter junii
acilwo,Â³ÊÏ²»¶¯¸Ë¾ú,Acinetobacter lwoffii
acit13,Ò½Ôº²»¶¯¸Ë¾ú ,Acinetobacter nosocomialis
acigen,Æ¤ÌØ²»¶¯¸Ë¾ú ,Acinetobacter pittii
acirad,¿¹·øÉä²»¶¯¸Ë¾ú,Acinetobacter radioresistens
acispe,²»¶¯¸Ë¾úÊô,Acinetobacter spp
aciurs,ÎÚ¶ûĞÁ²»¶¯¸Ë¾ú,Acinetobacter ursingii
actple,"ĞØÄ¤·ÎÑ×·ÅÏß¸Ë¾ú
",Actinobacillus pleuropneumoniae
actsui,"Öí·ÅÏß¸Ë¾ú
",Actinobacillus suis
pasure,ëå·ÅÏß¸Ë¾ú,Actinobacillus ureae
actsch,É³¶û·ÅÏß¸ËĞÎ¾ú,Actinobaculum schalii  
actbov,Å£ĞÍ·ÅÏß¾ú,Actinomyces bovis
actcan,È®É³¶û¾ú,Schaalia canis
acteur,Å·ÖŞ¸ñÀ³Ä·¾ú,Gleimia europaea
actisr,ÒÂÊÏ·ÅÏß¾ú,Actinomyces israelii
actmey,Âõ¶ûÉ³¶û¾ú,Schaalia meyeri
actnae,ÄÚÊÏ·ÅÏß¾ú,Actinomyces naeslundii
actneu,Å¦ÊÏÎÂ¿Ë¾ú,Winkia neuii
actodo,È£³İÉ³¶û¾ú,Schaalia odontolyticus
actrad,À×¶¡É³¶û¾ú,Schaalia radingae
acttur,ËÕÀèÊÀÉ³¶û¾ú,Schaalia turicensis
aerpal,²Ô°×ĞèÑõĞ¡¸Ë¾ú,Aeribacillus pallidus
aeruri,ëåÆøÇò¾ú,Aerococcus urinae
aervir,ÂÌÉ«ÆøÇò¾ú,Aerococcus viridans
aercav,°ßµã£¨ëàÊó£©Æøµ¥°û¾ú,Aeromonas puctata (caviae)
aerdro,ÊÈË®Æøµ¥°û¾ú,Aeromonas hydrophila
aerhyd,ÊÈË®/°ßµã£¨ëàÊó£©Æøµ¥°û¾ú,Aeromonas hydrophila/punctata(caviae)
aersal,É±öÙÆøµ¥°û¾ú,Aeromonas salmonicida
aersob,ÎÂºÍÆøµ¥°û¾ú,Aeromonas sobria
aerver,Î¬ÊÏÆøµ¥°û¾ú,Aeromonas veronii
acbact,°é·ÅÏßÄı¾Û¸Ë¾ú,Aggregatibacter actinomycetemcomitans
haeaph,ÊÈÄ­Äı¾Û¸Ë¾ú,Aggregatibacter aphrophilus
haeseg,¶èĞÔÄı¾Û¸Ë¾ú,Aggregatibacter segnis
alcspe,·à²ú¼î¾ú·àÑÇÖÖ,Alcaligenes faecalis ssp faecalis
aliacd,ËáÈÈÖ¬»·ËáÑ¿æß¸Ë¾ú,Alicyclobacillus acidocaldarius
aliaci,ËáÍÁÖ¬»·ËáÑ¿æß¸Ë¾ú,Alicyclobacillus acidoterrestris
aliaca,ËáÍÁ/ËáÈÈÖ¬»·ËáÑ¿æß¸Ë¾ú,Alicyclobacillus acidoterrestris/acidocaldarius
alloti,¶úÑ×²îÒìÇò¾ú,Alloiococcus otitis
anapre,ÆÕÀ×ÎÖÑáÑõÇò¾ú,Anaerococcus prevotii
aneane,½âÁò°±ËØ½âÁò°±ËØ¸Ë¾ú,Aneurinibacillus aneurinilyticus
anethe,ÊÈÈÈĞèÑõ½âÁò°±ËØ¸Ë¾ú,Aneurinibacillus thermoaerophilus
corhae,ÈÜÑªÒşÃØ¸Ë¾ú,Arcanobacterium haemolyticum
artcmm,¿¨Ã÷Ë¹¼Ù¹È°±Ëá¸Ë¾ú,Pseudoglutamicibacter cumminsii
atovag,ÒõµÀ·¶ÄİºÕË¹¾ú,Fannyhessea vaginae
bacaml,½âµí·ÛÑ¿æß¸Ë¾ú,Bacillus amyloliquefaciens
bacant,Ì¿¾ÒÑ¿æß¸Ë¾ú,Bacillus anthracis
bacatr,ÉîºÖÑ¿æß¸Ë¾ú,Bacillus atrophaeus
bacbad,ÀõºÖÑ¿æß¸Ë¾ú,Bacillus badius
baccer,À¯ÑùÑ¿æß¸Ë¾ú,Bacillus cereus
bacthm,À¯Ñù/ ËÕÔÆ½ğ/ Ş¦×´Ñ¿æß¸Ë¾ú,Bacillus cereus/thuringiensis/mycoides
baccir,»·×´Ñ¿æß¸Ë¾ú,Bacillus circulans
baccla,¿ËÀÍË¹Ñ¿æß¸Ë¾ú,Bacillus clausii
baccoa,Äı¹ÌÑ¿æß¸Ë¾ú ,Bacillus coagulans
bacfar,»ìºÏËÇÁÏÑ¿æß¸Ë¾ú,Bacillus farraginis
bacfir,¼á¹ÌÑ¿æß¸Ë¾ú,Bacillus firmus
bacfor,¸£ÌØÑ¿æß¸Ë¾ú,Bacillus fordii
bacfot,Ç¿×³Ñ¿æß¸Ë¾ú,Bacillus fortis
bacgal,½â°ëÈéÌÇÜÕÑ¿æß¸Ë¾ú,Bacillus galactosidilyticus
baclen,»ºÂıÑ¿æß¸Ë¾ú,Bacillus lentus
baclic,µØÒÂÑ¿æß¸Ë¾ú,Bacillus licheniformis
bacmeg,¾Ş´óÑ¿æß¸Ë¾ú,Bacillus megaterium
bacmyc,Ş¦×´Ñ¿æß¸Ë¾ú,Bacillus mycoides
bacpum,¶ÌĞ¡Ñ¿æß¸Ë¾ú,Bacillus pumilus
bacrur,Ïç´åÑ¿æß¸Ë¾ú,Bacillus ruris
bacsim,¼òµ¥Ñ¿æß¸Ë¾ú,Bacillus simplex
bacsmi,Ê·ÃÜË¹Ñ¿æß¸Ë¾ú,Bacillus smithii
bacspo,ÄÍÈÈÑ¿æßÑ¿æß¸Ë¾ú,Bacillus sporothermodurans
bacsub,¿İ²İÑ¿æß¸Ë¾ú,Bacillus subtilis
bacaat,¿İ²İ/½âµí·Û/ÉîºÖÑ¿æß¸Ë¾ú,Bacillus subtilis/amyloliquefaciens/atrophaeus
bacthr,ÈÈÊ³µí·ÛÑ¿æß¸Ë¾ú,Bacillus thermoamylovorans
bacthu,ËÕÔÆ½ğÑ¿æß¸Ë¾ú,Bacillus thuringiensis
bacval,ËÀ¹ÈÑ¿æß¸Ë¾ú,Bacillus vallismortis
baccac,·àÄâ¸Ë¾ú,Bacteroides caccae
bacegg,°£ÊÏÄâ¸Ë¾ú,Bacteroides eggerthii
bacfra,´àÈõÄâ¸Ë¾ú,Bacteroides fragilis
bacova,ÂÑĞÎÄâ¸Ë¾ú,Bacteroides ovatus
bacpyo,»¯Å§Äâ¸Ë¾ú,Bacteroides pyogenes
bacstr,·à±ãÄâ¸Ë¾ú,Bacteroides stercoris
bacthe,¶àĞÎÄâ¸Ë¾ú,Bacteroides thetaiotaomicron
bacuni,µ¥ĞÎÄâ¸Ë¾ú,Bacteroides uniformis
bacvul,ÆÕÍ¨Äâ¸Ë¾ú,Bacteroides vulgatus
bacxyl,½âÄ¾¾ÛÌÇÄâ¸Ë¾ú,Bacteroides xylanisolvens
berzoo,¶¯ÎïÀ£Ññ²®½Ü¾ú,Bergeyella zoohelcum
bifspp,Ë«áª¸Ë¾úÊô,Bifidobacterium spp
boravi,Äñ±«ÌØ¾ú,Bordetella avium
borbro,Ö§Æø¹ÜÑ×±«ÌØ¾ú,Bordetella bronchiseptica
borhin,ĞÀ´Ä±«ÌØ¾ú,Bordetella hinzii
bortre,´´¿Ú±«ÌØ¾ú,Bordetella trematum
breagr,ÍÁÈÀ¶ÌÑ¿æß¸Ë¾ú,Brevibacillus agri
brebor,"²©Ë¹ÌØ¶û¶ÌÑ¿æß¸Ë¾ú
",Brevibacillus borstelensis
brbbre,¶Ì¶ÌÑ¿æß¸Ë¾ú,Brevibacillus brevis
breba,¶Ì¶ÌÑ¿æß¸Ë¾ú/(µØ¶ÌÑ¿æß¸Ë¾ú),Brevibacillus brevis/(Brevibacillus agri)
brecen,ÖĞæß¶ÌÑ¿æß¸Ë¾ú,Brevibacillus centrosporus
brecho,ï¢×Ó¶ÌĞ¡Ñ¿æß¸Ë,Brevibacillus choshinensis
breinv,ÎÛÈ¾¶ÌÑ¿æß¸Ë¾ú,Brevibacillus invocatus
brelat,²àæß¶ÌÑ¿æß¸Ë¾ú,Brevibacillus laterosporus
brepar,¸±¶Ì¶ÌÑ¿æß¸Ë¾ú,Brevibacillus parabrevis
brecas,¸ÉÀÒ¶Ì¸Ë¾ú,Brevibacterium casei
breepi,±íÆ¤¶Ì¸Ë¾ú,Brevibacterium epidermidis
breiod,µâ¶Ì¸Ë¾ú,Brevibacterium iodinum
brelin,À©Õ¹¶Ì¸Ë¾ú,Brevibacterium linens
brelut,Ç³»Æ¶Ì¸Ë¾ú,Brevibacterium luteolum
psedim,È±Ïİ¶Ì²¨µ¥°û¾ú,Brevundimonas diminuta
bredmv,È±Ïİ/ÅİÄÒ¶Ì²¨µ¥°û¾ú,Brevundimonas diminuta / vesicularis
pseves,ÅİÄÒ¶Ì²¨µ¥°û¾ú,Brevundimonas vesicularis
brothe,ÈÈÉ±Ë÷Ë¿¾ú,Brochothrix thermosphacta
brumel,Âí¶úËû²¼Â³Ë¹¾ú,Brucella melitensis
budaqu,Ë®Éú²¼´÷Ô¼Î¬²É¾ú,Budvicia aquatica
psecep,Ñó´Ğ²®¿Ë»ô¶ûµÂ¾ú,Burkholderia cepacia
burcgp,Ñó´Ğ²®¿Ë»ô¶ûµÂ¾úÈº,Burkholderia cepacia group
burgla,ÌÆİÅÆÑ²®¿Ë»ô¶ûµÂ¾ú,Burkholderia gladioli
burmal,±Ç¾Ò²®¿Ë»ô¶ûµÂ¾ú,Burkholderia mallei
burmul,¶àÊÉ²®¿Ë»ô¶ûµÂ¾ú,Burkholderia multivorans
psepse,¼Ù±Ç¾Ò²®¿Ë»ô¶ûµÂ¾ú,Burkholderia pseudomallei
bursta,ÎÈ¶¨²®¿Ë»ô¶ûµÂ¾ú,Burkholderia stabilis
burvie,Ô½ÄÏ²®¿Ë»ô¶ûµÂ¾ú,Burkholderia vietnamiensis
butagr,Ïç¼ä²¼Çğ¾ú,Buttiauxella agrestis
camcol,´ó³¦ÍäÇú¾ú,Campylobacter coli
camfsf,Ì¥¶ùÍäÇú¾úÌ¥¶ùÑÇÖÖ,Campylobacter fetus ssp fetus
camjsj,¿Õ³¦ÍäÇú¾ú¿Õ³¦ÑÇÖÖ,Campylobacter jejuni ssp jejuni
bacure,½âëåÍäÇú¾ú,Campylobacter ureolyticus
canalb,°×É«ÄîÖé¾ú,Candida albicans
canaur,¶úÄîÖé¾ú,Candida auris
canboi,²©ÒÁ¶¡ÄîÖé¾ú,Candida boidinii
cancat,Á´×´ÄîÖé¾ú,Candida catenulata
cancif,Î÷¸¥ÄîÖé¾ú,Candida ciferrii
cancol,Ğ¡ÇğÄîÖé¾ú,Candida colliculosa
candub,¶¼°ØÁÖÄîÖé¾ú,Candida dubliniensis
canduo,Ï£Ä·Áú¢òĞÍÄîÖé¾ú,Candida duobushaemulonis
canfam,ÎŞÃûÄîÖé¾ú,Candida famata
canfre,¸¥ÀïË¹ÄîÖé¾ú,Candida freyschussii
cangla,¹â»¬ÄîÖé¾ú,Candida glabrata
cangui,¸ßÀïÄîÖé¾ú,Candida guilliermondii
canhae,Ï£Ä¾ÁúÄîÖé¾ú,Candida haemuloni
canhvu,Ï£Ä¾ÁúÄîÖé¾úÉË¿Ú±äÖÖ,Candida haemuloni var vulnera
caninc,Æ½³£ÄîÖé¾ú,Candida inconspicua
caninl,Æ½³£/ÀÊ±È¿ÉÄîÖé¾ú,Candida inconspicua/lambica
canint,ÖĞ¼äÄîÖé¾ú,Candida intermedia
cankef,Èé¾ÆÄîÖé¾ú,Candida kefyr
cankru,¿ËÈáÄîÖé¾ú,Candida krusei
canlam,ÀÉ±È¿ÉÄîÖé¾ú,Candida lambica
canlip,½âÖ¬ÄîÖé¾ú,Candida lipolytica
canlus,ÆÏÌÑÑÀÄîÖé¾ú,Candida lusitaniae
canmag,Ä¾À¼ÄîÖé¾ú,Candida magnoliae
cannor,Å²ÍşÄîÖé¾ú,Candida norvegensis
canpar,½üÆ½»¬ÄîÖé¾ú,Candida parapsilosis
canpel,¾úÄ¤ÄîÖé¾ú,Candida pelliculosa
canpul,ÌúºìÄîÖé¾ú,Candida pulcherrima
canrug,ÖåñŞÄîÖé¾ú,Candida rugosa
cansak,Çå¾ÆÄîÖé¾ú,Candida sake
cansfl,Çå¾ÆÄîÖé¾ú/(ÎŞÃûÄîÖé¾ú/½âÖ¬ÄîÖé¾ú),Candida sake/(C.famata/C.lipolytica)
cansph,Ô²ĞÎÄîÖé¾ú,Candida sphaerica
cantro,ÈÈ´øÄîÖé¾ú,Candida tropicalis
canuti,²úëÃÄîÖé¾ú,Candida utilis
canzey,µ®Ä­ÄîÖé¾ú,Candida zeylanoides
capspp,¶şÑõ»¯Ì¼ÊÈÏËÎ¬¾úÊô,Capnocytophaga spp
carhom,ÈËĞÄ¸Ë¾ú,Cardiobacterium hominis
ceddav,´÷ÊÏÎ÷µØÎ÷¾ú,Cedecea davisae
cedlap,À­ÊÏÎ÷µØÎ÷¾ú,Cedecea lapagei
cednet,ÄÎÊÏÎ÷µØÎ÷¾ú,Cedecea neteri
celcel,ÏËÎ¬»¯ÏËÎ¬ËØ¾ú,Cellulosimicrobium cellulans
chrvio,×ÏÉ«É«¸Ë¾ú,Chromobacterium violaceum
chrgle,Õ³½ğ»Æ¸Ë¾ú,Chryseobacterium gleum
flasp2,²úßÅßá½ğ»Æ¸Ë¾ú,Chryseobacterium indologenes
citama,ÎŞ±û¶şËáÄûÃÊËá¸Ë¾ú,Citrobacter amalonaticus
citbra,²¼ÊÏÄûÃÊËá¸Ë¾ú,Citrobacter braakii
citfar,·¨ÊÏÄûÃÊËá¸Ë¾ú,Citrobacter farmeri
citfre,¸¥ÀÍµØÄûÃÊËá¸Ë¾ú,Citrobacter freundii
citdiv,¿ËÊÏÄûÃÊËá¸Ë¾ú,Citrobacter koseri
citsed,ÈûÊÏÄûÃÊËá¸Ë¾ú,Citrobacter sedlakii
citwer,ÎÖ¿ËÂü/ÑîÊÏÄûÃÊËá¸Ë¾ú,Citrobacter werkmanii
citryo,ÑîÊÏÄûÃÊËá¸Ë¾ú,Citrobacter youngae
clamic,¹÷×´¸Ë¾úÊô,Clavibacter spp
cloppe,°ÍÊÏËó¾ú,Clostridium baratii
clobif,Ë«Ã¸¸±Ëó¾ú,Paraclostridium bifermentans
clobut,¶¡ËáËó¾ú,Clostridium butyricum
clocad,Ê¬¶¾Ëó¾ú,Clostridium cadaveris
clocha,Ğ¤ÎÖËó¾ú,Clostridium chauvoei
cloclo,Ëó×´Ëó¾ú,Clostridium clostridioforme
clodif,¼èÄÑ£¨Ëó¾ú£©ÄâËó¾ú,Clostridioides (Clostridium) difficile
clogro,Ëó¾úÈº,Clostridium group
clohis,ÈÜ×éÖ¯º£ÉªÍş¾ú,Hathewaya histolytica
cloinn,ÎŞº¦Ëó¾ú,Clostridium innocuum
clolim,ÄàÔüº£ÉªÍş¾ú,Hathewaya limosa
clonov,ÅµÎ¬Ëó¾ú,Clostridium novyi
cloppu,Àà¸¯°ÜËó¾ú,Clostridium paraputrificum
cloper,²úÆø¼ÔÄ¤Ëó¾ú,Clostridium perfringens
cloram,¶àÖ¦Ëó¾ú,Clostridium ramosum
closep,°Ü¶¾Ëó¾ú,Clostridium septicum
closor,Ë÷´ú¶ûÀàËó¾ú,Paeniclostridium sordellii
clospo,ÉúæßËó¾ú,Clostridium sporogenes
closub,½ü¶ËËó¾ú,Clostridium subterminale
cloter,µÚÈıôÈ¾ú,Clostridium tertium
staneg,Äı¹ÌÃ¸ÒõĞÔÆÏÌÑÇò¾ú,Coagulase negative Staphylococcus
stapos,Äı¹ÌÃ¸ÑôĞÔÆÏÌÑÇò¾ú,Coagulase positive Staphylococcus
eubaer,²úÆø¿ÂÁÖË¹¾ú,Collinsella aerofaciens
comtes,ØºÍèÍª´ÔÃ«µ¥°û¾ú,Comamonas testosteroni
coracc,Óµ¼·°ô×´¸Ë¾ú,Corynebacterium accolens
coratu,Óµ¼·/½áºËÓ²Ö¬Ëá°ô×´¸Ë¾ú,Corynebacterium accolens/tuberculostearicum
corafr,·Ç·¢½Í°ô×´¸Ë¾ú,Corynebacterium afermentans
coramy,ÎŞÖ¦¾úËá°ô×´¸Ë¾ú,Corynebacterium amycolatum
coraxy,ÎŞÖ¦¾úËá/¸ÉÔï°ô×´¸Ë¾ú,Corynebacterium amycolatum/xerosis
corarg,Ë¹ÌØÀ­Ë¹±¤°ô×´¸Ë¾ú,Corynebacterium argentoratense
coraur,Õ³½ğ»Æ°ô×´¸Ë¾ú,Corynebacterium aurimucosum
corari,¶ú°ô×´¸Ë¾ú,Corynebacterium auris
corbov,Å£°ô×´¸Ë¾ú,Corynebacterium bovis
corcon,»ìÂÒ°ô×´¸Ë¾ú,Corynebacterium confusum
corcoy,êûÊÏ°ô×´¸Ë¾ú,Corynebacterium coyleae
corcys,°òë×Ñ×°ô×´¸Ë¾ú,Corynebacterium cystitidis
cordip,°×ºí°ô×´¸Ë¾ú,Corynebacterium diphtheriae
corfre,¸¥À×Äá°ô×´¸Ë¾ú,Corynebacterium freneyi
corglc,½âÆÏÌÑÌÇÈ©Ëá°ô×´¸Ë¾ú,Corynebacterium glucuronolyticum
corglu,¹È°±Ëá°ô×´¸Ë¾ú,Corynebacterium glutamicum
corgf1,F-1 Èº°ô×´¸Ë¾ú,Corynebacterium group F-1
corjk,½ÜÊÏ°ô×´¸Ë¾ú,Corynebacterium jeikeium
corkro,¿ËÂŞÅíÊ©Ì©ÌØ°ô×´¸Ë¾ú,Corynebacterium kroppenstedtii
corkut,¿âÇĞ¶û°ô×´¸Ë¾ú,Corynebacterium kutscheri
cormac,Âó½ğÀû°ô×´¸Ë¾ú,Corynebacterium macginleyi
cormas,ÈéÏÙÑ×°ô×´¸Ë¾ú,Corynebacterium mastitidis
cormin,¼«Ğ¡°ô×´¸Ë¾ú,Corynebacterium minutissimum
cormuc,²úÕ³°ô×´¸Ë¾ú,Corynebacterium mucifaciens
corpqu,½Ó½ü°ô×´¸Ë¾ú,Corynebacterium propinquum
corpsd,¼Ù°×ºí°ô×´¸Ë¾ú,Corynebacterium pseudodiphtheriticum
corpst,¼Ù½áºË°ô×´¸Ë¾ú,Corynebacterium pseudotuberculosis
corren,Å£ÉöÓÛÑ×°ô×´¸Ë¾ú,Corynebacterium renale
corsim,Ä£·Â°ô×´¸Ë¾ú,Corynebacterium simulans
corstr,ÎÆ´ø°ô×´¸Ë¾ú,Corynebacterium striatum
cortub,½áºËÓ²Ö¬Ëá°ô×´¸Ë¾ú,Corynebacterium tuberculostearicum
corulc,À£Ññ°ô×´¸Ë¾ú,Corynebacterium ulcerans
corure,½âëå°ô×´¸Ë¾ú,Corynebacterium urealyticum
corxer,¸ÉÔï°ô×´¸Ë¾ú,Corynebacterium xerosis
croddu,¶¼°ØÁÖ¿ËÂåÅµ¸Ë¾ú¶¼°ØÁÖÑÇÖÖ,Cronobacter dublinensis ssp dublinensis
crodlc,¶¼°ØÁÖ¿ËÂåÅµ¸Ë¾úÄÌ·ÛÑÇÖÖ,Cronobacter dublinensis ssp lactaridi
crodla,¶¼°ØÁÖ¿ËÂåÅµ¸Ë¾úÂåÉ£ÑÇÖÖ,Cronobacter dublinensis ssp lausannensis
crogen,¹ã·º¿ËÂåÅµ¸Ë¾ú,Cronobacter universalis
cromal,±û¶şËáÑÎ¿ËÂåÅµ¸Ë¾ú,Cronobacter malonaticus
cromuy,Äª½ğË¹¿ËÂåÅµ¸Ë¾ú,Cronobacter muytjensii
crosak,ÛàÆé¿ËÂåÅµ¸Ë¾ú,Cronobacter sakazakii
entsak,ÚæÆé¿ËÂåÅµ¸Ë¾úÈº,Cronobacter sakazakii group
crotur,ËÕÀèÊ¿¿ËÂåÅµ¸Ë¾ú,Cronobacter turicensis
cryalb,Ç³°×ÒşÇò¾ú,Cryptococcus albidus
crygat,¸ñÌØÒşÇò¾ú,Cryptococcus gattii
crylau,ÂŞÂ×ÌØÒşÇò¾ú,Cryptococcus laurentii
cryneo,ĞÂÉúÒşÇò¾ú,Cryptococcus neoformans
cryter,µØÉúÒşÇò¾ú,Cryptococcus terreus
cryuni,Ö¸¼×ÒşÇò¾ú,Cryptococcus uniguttulatus
cdcvc2,ÉÙ¼ûÊÈÍ­¾ú,Cupriavidus pauculus
pseaci,Ê³Ëá´ú¶û·òÌØ¾ú,Delftia acidovorans
derhom,ÈËÆ¤·ô¸Ë¾ú,Dermabacter hominis
dernis,Î÷¹¬Æ¤ÉúÇò¾ú,Dermacoccus nishinomiyaensis
dernks,Î÷¹¬Æ¤ÉúÇò¾ú/×øÆ¤Çò¾ú,Dermacoccus nishinomiyaensis/Kytococcus sedentarius
diespp,µÏ´Ä¾úÊô,Dietzia spp
edwhos,±£¿Æ°®µÂ»ª¾ú,Edwardsiella hoshinae
edwtar,³Ù¶Û°®µÂ»ª¾ú,Edwardsiella tarda
eggcat,Á´×´°£¸ñÌØ¾ú,Eggerthella catenaformis
eublen,³Ù»º°£¸ñÌØ¾ú,Eggerthella lenta
eikcor,ÄöÊ´°¬¿Ï¾ú,Eikenella corrodens
flamen,ÄÔÄ¤Ñ×ÒÁÀöÉ¯°×½ğ¾ú,Elizabethkingia meningoseptica
entaer,²úÆø¿ËÀ×²®¾ú ,Klebsiella aerogenes
entasb,°¢ÊÏ³¦¸Ë¾ú,Enterobacter asburiae
enttay,Éú°©³¦¸Ë¾ú,Enterobacter cancerogenus
entcla,Òõ¹µ³¦¸Ë¾ú,Enterobacter cloacae 
entcpx,Òõ¹µ³¦¸Ë¾ú¸´ºÏ¾ú,Enterobacter cloacae complex
entclc,Òõ¹µ³¦¸Ë¾úÒõ¹µÑÇÖÖ,Enterobacter cloacae ssp cloacae
entcld,Òõ¹µ³¦¸Ë¾úÈÜ½âÑÇÖÖ,Enterobacter cloacae ssp dissolvens
enthor,»ôÊÏ³¦¸Ë¾ú,Enterobacter hormaechei
entkob,Éñ»§³¦¸Ë¾ú,Enterobacter kobei
entlud,Â·µÂÎ¬¸ñ³¦¸Ë¾ú,Enterobacter ludwigii
stravi,Äñ³¦Çò¾ú,Enterococcus avium
entcas,Ç¦»Æ³¦Çò¾ú,Enterococcus casseliflavus
entcec,Ã¤³¦³¦Çò¾ú,Enterococcus cecorum
entcol,¸çÂ×±ÈÑÇ³¦Çò¾ú,Enterococcus columbae
strdur,ÄÍ¾Ã³¦Çò¾ú,Enterococcus durans
strfae,·à³¦Çò¾ú,Enterococcus faecalis
strfac,Êº³¦Çò¾ú,Enterococcus faecium
entgal,ğÈ¼¦³¦Çò¾ú,Enterococcus gallinarum
enthir,Ğ¡³¦³¦Çò¾ú,Enterococcus hirae
entmal,²¡³ô³¦Çò¾ú,Enterococcus malodoratus
entmun,ÃÉÌØ³¦Çò¾ú,Enterococcus mundtii
entraf,ÃŞ×ÓÌÇ³¦Çò¾ú,Enterococcus raffinosus
ensac,½âÌÇ³¦Çò¾ú,Enterococcus saccharolyticus
entspp,³¦Çò¾úÊô,Enterococcus spp
eryspe,Öíºì°ßµ¤¶¾Ë¿¾ú,Erysipelothrix rhusiopathiae
esccol,´ó³¦°£Ï£¾ú,Escherichia coli
esc157,´ó³¦°£Ï£¾úO157,Escherichia coli O157
escfer,¸¥¸ñÉ­°£Ï£¾ú,Escherichia fergusonii
escher,ºÕÊÏ°£Ï£¾ú,Escherichia hermannii
escvul,ÉË¿Ú¼Ù°£Ï£¾ú,Pseudescherichia vulneris
eublim,Õ³ÒºÕæ¸Ë¾ú,Eubacterium limosum
ewiame,ÃÀÖŞ°®ÎÄ¾ú,Ewingella americana
fachom,ÈË·Ñ¿ËÀ¶Ä·¾ú,Facklamia hominis
bacgel,Ã÷½ºÑ¿æß¸Ë¾ú,Fictibacillus gelatini
finmag,´ó·Ò¸ê¶ûµÂ¾ú,Finegoldia magna
fratul,ÍÁÀ­ÈÈ¸¥ÀÊÎ÷¾ú,Francisella tularensis
fusmor,ËÀÍöËó¸Ë¾ú,Fusobacterium mortiferum
fusnec,»µËÀËó¸Ë¾ú,Fusobacterium necrophorum
fusnuc,¾ßºËËó¸Ë¾ú,Fusobacterium nucleatum
fusvar,¿É±äËó¸Ë¾ú,Fusobacterium varium
garvag,ÒõµÀ¼ÓµÂÄÉ¾ú,Gardnerella vaginalis
gember,²®ÊÏÂÏÉúÇò¾ú,Gemella bergeri
gemhae,ÈÜÑªÂÏÉúÇò¾ú,Gemella haemolysans
gemmor,ÂéÕîÂÏÉúÇò¾ú,Gemella morbillorum
gemsan,ÑªÂÏÉúÇò¾ú,Gemella sanguinis
geocal,ÈÈ½âÄ¾ÌÇ¸±ÍÁĞ¡¸Ë¾ú,Parageobacillus caldoxylosilyticus
gepstr,ÊÈÈÈÖ¬·¾ÍÁĞ¡¸Ë¾ú,Geobacillus stearothermophilus
gebtmd,ÈÈ·´Ïû»¯ÍÁĞ¡¸Ë¾ú,Geobacillus thermodenitrificans
gebtmg,ÈÈÆÏÌÇÜÕÃ¸¸±ÍÁĞ¡¸Ë¾ú,Parageobacillus thermoglucosidasius
geott,ÈÈÆÏÌÇÜÕÃ¸¸±ÍÁĞ¡¸Ë¾ú/ÈÈ·´Ïû»¯ÍÁĞ¡¸Ë¾ú,Parageobacillus thermoglucosidasius/Geobacillus thermodenitrificans
geothe,ÈÈÊÉÓÍÍÁĞ¡¸Ë¾ú,Geobacillus thermoleovorans
geotoe,¶Ñ·Ê¸±ÍÁĞ¡¸Ë¾ú,Parageobacillus toebii
tripen,¿ËÊÏµØÃ¹,Geotrichum klebahnii
glosan,ÑªÇòÁ´¾ú,Globicatella sanguinis
glosul,²úÁòÇòÁ´¾ú,Globicatella sulfidifaciens
gorspp,¸êµÇ¾úÊô,Gordonia spp
graadi,ÅşÁÚ¿ÅÁ£Á´¾ú,Granulicatella adiacens
graele,ÓÅÃÀ¿ÅÁ£Á´¾ú,Granulicatella elegans
vibhol,»ôÀûË¹¸ñÀïÃÉ¾ú,Grimontia hollisae
haehae,ÈÜÑªÊÈÑª¸Ë¾ú,Haemophilus haemolyticus
haeinf,Á÷¸ĞÊÈÑª¸Ë¾ú,Haemophilus influenzae
haepah,¸±ÈÜÑªÊÈÑª¸Ë¾ú,Haemophilus parahaemolyticus
haepar,¸±Á÷¸ĞÊÈÑª¸Ë¾ú,Haemophilus parainfluenzae
hafalv,·ä·¿¹ş·òÄáÑÇ¾ú,Hafnia alvei
hafpar,Àà·ä·¿¹ş·òÄáÑÇ¾ú,Hafnia paralvei
helkun,¿×ÊÏ´´ÉËÇò¾ú,Helcococcus kunzii
hissom,Ë¯ÃßÊÈ×éÖ¯¾ú,Histophilus somni
kinden,·´Ïõ»¯½ğ¾ú,Kingella denitrificans
kinkin,½ğÊÏ½ğ¾ú,Kingella kingae
kleoxy,²úËá¿ËÀ×²®¾ú,Klebsiella oxytoca
klpnsp,·ÎÑ×¿ËÀ×²®¾ú,Klebsiella pneumoniae
kleoza,·ÎÑ×¿ËÀ×²®¾ú³ô±ÇÑÇÖÖ,Klebsiella pneumoniae ssp ozaenae
klepne,·ÎÑ×¿ËÀ×²®¾ú·ÎÑ×ÑÇÖÖ,Klebsiella pneumoniae ssp pneumoniae
klerhi,·ÎÑ×¿ËÀ×²®¾ú±ÇÓ²½áÑÇÖÖ,Klebsiella pneumoniae ssp rhinoscleromatis
klespe,¿ËÀ×²®¾úÊô,Klebsiella spp
kloapc,ÄûÃÊĞÎ¿ËÀÕ¿Ë½ÍÄ¸,Kloeckera apiculata
kloaps,°£Æ¤Ë¹¿ËÀÕ¿Ë½ÍÄ¸,Kloeckera apis
klojap,ÈÕ±¾¿ËÀÕ¿Ë½ÍÄ¸,Kloeckera japonica
klospe,¿ËÀÕ¿Ë½ÍÄ¸Êô,Kloeckera spp
kluasc,¿¹»µÑªËá¿ËÂÀÎÖ¶û¾ú,Kluyvera ascorbata
klucry,ÆÜÀä¿ËÂÀÎÖ¶û¾ú,Kluyvera cryocrescens
entint,ÖĞ¼ä¿ËÂÀÎÖ¶û¾ú,Kluyvera intermedia
kockri,¿ËÀïË¹Í¢ÂŞË¹¾ú,Rothia kristinae
kocrhi,ÊÈ¸ù¿¼¿Ë¾ú,Kocuria rhizophila
kocros,Ãµ¹åÉ«¿¼¿Ë¾ú,Kocuria rosea
kocvar,±äÒì¿¼¿Ë¾ú,Kocuria varians
picohm,°ÂÄ¬¿Â´ï¾ú,Kodamaea ohmeri
kytsed,×øÆ¤Çò¾ú,Kytococcus sedentarius
lacaci,ÊÈËáÈé¸Ë¾ú,Lactobacillus acidophilus
lacbuc,²¼ÊÏÈé¸Ë¾ú,Lactobacillus buchneri
laccas,¸ÉÀÒÈé¸Ë¾ú,Lactobacillus casei
lacfer,·¢½ÍÈé¸Ë¾ú,Lactobacillus fermentum
lacgas,¼ÓÊÏÈé¸Ë¾ú,Lactobacillus gasseri
lachil,Ï£¶û¼ÓµÂÈé¸Ë¾ú,Lactobacillus hillgardii
lacpar,Àà²¼ÊÏÈé¸Ë¾ú,Lactobacillus parabuchneri
lacpcs,¸±¸ÉÀÒÈé¸Ë¾ú,Lactobacillus paracasei
lacplm,Ö²ÎïÈé¸Ë¾ú,Lactobacillus plantarum
lacrha,ÊóÀîÌÇÈé¸Ë¾ú,Lactobacillus rhamnosus
lacsak,Çå¾ÆÈé¸Ë¾úÇå¾ÆÑÇÖÖ,Lactobacillus sakei ssp sakei
lacgar,¸ñÊÏÈéÇò¾ú,Lactococcus garvieae
laclsc,ÈéËáÈéÇò¾úÈéÖ¬ÑÇÖÖ,Lactococcus lactis ssp cremoris
laclsl,ÈéËáÈéÇò¾úÈéÑÇÖÖ,Lactococcus lactis ssp lactis
lacraf,ÃŞ×ÓÌÇÈéÇò¾ú,Lactococcus raffinolactis
lecade,·ÇÍÑôÈÀÕ¿Ë¾ú,Leclercia adecarboxylata
leiaqa,Ë®ÉúÀû·òÉ­¾ú,Leifsonia aquatica
entamn,ºÓÉúÈRÂÔÌØ¾ú,Lelliottia amnigena
entam1,ºÓÉúÈRÂÔÌØ¾ú1,Lelliottia amnigena 1
entam2,ºÓÉúÀ³ÂÔÌØ¾ú2,Lelliottia amnigena 2
leucit,ÄûÃÊÃ÷´®Öé¾ú,Leuconostoc citreum
leulac,ÈéÃ÷´®Öé¾ú,Leuconostoc lactis
leumsc,ËÆ³¦Ä¤Ã÷´®Öé¾úÈéÖ¬ÑÇÖÖ,Leuconostoc mesenteroides ssp cremoris
leumsd,ËÆ³¦Ä¤Ã÷´®Öé¾úÆÏ¾ÛÌÇÑÇÖÖ,Leuconostoc mesenteroides ssp dextranicum
leumsm,ËÆ³¦Ä¤Ã÷´®Öé¾úËÆ³¦Ä¤ÑÇÖÖ,Leuconostoc mesenteroides ssp mesenteroides
leupse,¼ÙËÆ³¦Ä¤Ã÷´®Öé¾ú,Leuconostoc pseudomesenteroides
lisfle,¸¥À³Ê©ÂüÀîË¹ÌØ¾ú,Listeria fleischmannii
lisgra,¸ñÊÏÀîË¹ÌØ¾ú,Listeria grayi
lisinn,ÎŞº¦ÀîË¹ÌØ¾ú,Listeria innocua
lisiva,ÒÁÊÏÀîË¹ÌØ¾ú,Listeria ivanovii
lisisi,ÒÁÊÏÀîË¹ÌØ¾úÒÁÊÏÑÇÖÖ,Listeria ivanovii ssp ivanovii
lisisl,ÒÁÊÏÀîË¹ÌØ¾úÂ×¶ØÑÇÖÖ,Listeria ivanovii ssp londoniensis
lismoc,µ¥ºËÏ¸°ûÔöÉúÀîË¹ÌØ¾ú,Listeria monocytogenes
lisroc,ÂŞ¿¼ÌØÀîË¹ÌØ¾ú,Listeria rocourtiae
lissee,Ë¹ÊÏÀîË¹ÌØ¾ú,Listeria seeligeri
liswel,ÍşÊÏÀîË¹ÌØ¾ú,Listeria welshimeri
bacfus,·Ä´¸ĞÎÀµ°±Ëá¸Ë¾ú,Lysinibacillus fusiformis
bacsph,ÇòĞÎÀµ°±Ëá¸Ë¾ú,Lysinibacillus sphaericus
bacsf,ÇòĞÎÀµ°±Ëá¸Ë¾ú/·Ä´¸ĞÎÀµ°±Ëá¸Ë¾ú,Lysinibacillus sphaericus/Lysinibacillus fusiformis
malfur,¿·ïõÂíÀ­É«¾ú,Malassezia furfur
malpac,ºñÆ¤ÂíÀ­É«¾ú,Malassezia pachydermatis
pashae,ÈÜÑªÂüº£Ä·¾ú,Mannheimia haemolytica
metspp,¼×»ù¸Ë¾úÊô,Methylobacterium spp
micfla,Ç³»ÆÎ¢¸Ë¾ú,Microbacterium flavescens
miclac,ÈéÎ¢¸Ë¾ú,Microbacterium lacticum
micspp,Î¢¸Ë¾úÊô,Microbacterium spp
miclut,ëø»ÆÎ¢Çò¾ú,Micrococcus luteus
miclyl,ÀïÀ­Î¢Çò¾ú,Micrococcus lylae
picfar,·Û×´Ã×ÀÕ½ÍÄ¸,Millerozyma farinosa
moewis,ÍşË¹¿µĞÇÃ×ÀÕ¾ú,Moellerella wisconsensis
bracat,¿¨ËûÄªÀ­¾ú,Moraxella catarrhalis
morovi,Ñò£¨ÄÎÉª£©ÄªÀ­¾ú,Moraxella (Neisseria) ovis
morgrp,ÄªÀ­¾úÈº,Moraxella group
mrxlac,Ç»Ï¶ÄªÀ­¾ú,Moraxella lacunata
mrxnon,²»Òº»¯ÄªÀ­¾ú,Moraxella nonliquefaciens
mrxosl,°ÂË¹Â½ÄªÀ­¾ú,Moraxella osloensis
mormor,Ä¦¸ùÄ¦¸ù¾ú,Morganella morganii
mormom,Ä¦¸ùÄ¦¸ù¾úÄ¦¸ùÑÇÖÖ,Morganella morganii ssp morganii
morsib,Ä¦¸ùÄ¦¸ù¾úÈûÑÇÖÖ,Morganella morganii ssp sibonii
myrspp,ÀàÏãÎ¶¾úÊô,Myroides spp
neiani,¶¯Îï¿ÚÇ»ÄÎÉªÇò¾ú,Neisseria animaloris
cdcef4,¶¯Îï¿ÚÇ»/¶¯ÎïÒ§ÉËÄÎÉªÇò¾ú,Neisseria animaloris/zoodegmatis
neicin,»ÒÉ«ÄÎÉªÇò¾ú,Neisseria cinerea
cdcm6,³¤ÄÎÉªÇò¾ú,Neisseria elongata
neigon,ÁÜ²¡ÄÎÉªÇò¾ú,Neisseria gonorrhoeae
neilac,ÊÈÈéÌÇÄÎÉªÇò¾ú,Neisseria lactamica
neimen,ÄÔÄ¤Ñ×ÄÎÉªÇò¾ú,Neisseria meningitidis
neisic,¸ÉÔïÄÎÉªÇò¾ú,Neisseria sicca
neiwea,Î¤¸¥ÄÎÉªÇò¾ú,Neisseria weaveri
neizoo,¶¯ÎïÒ§ÉËÄÎÉªÇò¾ú,Neisseria zoodegmatis
achspv,ÈË²Ô°×¸Ë¾ú,Ochrobactrum anthropi
oliure,½âëå¹ÑÔ´¸Ë¾ú,Oligella ureolytica
mrxure,ÄòµÀ¹ÑÔ´¸Ë¾ú,Oligella urethralis
bacalv,·ä·¿ÀàÑ¿æß¸Ë¾ú,Paenibacillus alvei
paeamy,½âµí·ÛÀàÑ¿æß¸Ë¾ú,Paenibacillus amylolyticus
paecin,»ÒÍÁÀàÑ¿æß¸Ë¾ú,Paenibacillus cineris
paecoo,¿â¿ËÀàÑ¿æß¸Ë¾ú,Paenibacillus cookii
paeazo,¼áÈÍÀàÑ¿æß¸Ë¾ú,Paenibacillus durus
paeglu,½âÌÇÀàÑ¿æß¸Ë¾ú,Paenibacillus glucanolyticus
paegbc,½âÌÇÀàÑ¿æß¸Ë¾ú/(»·×´Ñ¿æß¸Ë¾ú),Paenibacillus glucanolyticus/(Bacillus circulans)
paelac,ÈéÀàÑ¿æß¸Ë¾ú,Paenibacillus lactis
paelau,²ÓÀÃÀàÑ¿æß¸Ë¾ú,Paenibacillus lautus
bacmac,½şÂéÀàÑ¿æß¸Ë¾ú,Paenibacillus macerans
paepab,ËÇÁÏÀàÑ¿æß¸Ë¾ú,Paenibacillus pabuli
paepp,ËÇÁÏÀàÑ¿æß¸Ë¾ú/(¶àÕ³ÀàÑ¿æß¸Ë¾ú£©,Paenibacillus pabuli/(Paenibacillus polymyxa)
paepeo,Æ¤°ÂÀûÑÇÀàÑ¿æß¸Ë¾ú,Paenibacillus peoriae
bacpol,¶àÕ³ÀàÑ¿æß¸Ë¾ú,Paenibacillus polymyxa
paethi,½âÁò°·ËØÀàÑ¿æß¸Ë¾ú,Paenibacillus thiaminolyticus
paeval,Ç¿×³ÀàÑ¿æß¸Ë¾ú,Paenibacillus validus
panspe,ÅË¶àÀ­¾úÊô,Pandoraea spp
entagg,³ÉÍÅ·º¾ú,Pantoea agglomerans
pandis,·ÖÉ¢·º¾ú,Pantoea dispersa
panspp,·º¾úÊô,Pantoea spp
bacdit,µÏÊÏ¸±Äâ¸Ë¾ú,Parabacteroides distasonis
parmer,Êº¸±Äâ¸Ë¾ú,Parabacteroides merdae
cdceo2,ÒÁÊÏ¸±Çò¾ú,Paracoccus yeei
pstmic,Î¢Ğ¡µ¥°û¾ú,Parvimonas micra
pasdag,Ò§ÉË°ÍË¹µÂ¾ú,Pasteruella dagmatis
pasaer,²úÆø°ÍË¹µÂ¾ú,Pasteurella aerogenes
pascan,È®°ÍË¹µÂ¾ú,Pasteurella canis
pasmul,¶àÉ±°ÍË¹µÂ¾ú,Pasteurella multocida
paspne,ÇÖ·ÎÄö³İ¸Ë¾ú,Rodentibacter pneumotropicus
pastes,¹ê°ÍË¹µÂ¾ú,Pasteurella testudinis
pedaci,ÈéËáÆ¬Çò¾ú,Pediococcus acidilactici
pedpen,ÎìÌÇÆ¬Çò¾ú,Pediococcus pentosaceus
pstasa,²»½âÌÇÊÈëË¾ú,Peptoniphilus asaccharolyticus
pepind,²úßÅßáÊÈëË¾ú,Peptoniphilus indolicus
pstana,ÑáÑõÏû»¯Á´Çò¾ú,Peptostreptococcus anaerobius
vibdam,ÃÀÈËÓã·¢¹â¸Ë¾ú,Photobacterium damselae
pleshi,ÀàÖ¾ºØÅşÁÚµ¥°û¾ú,Plesiomonas shigelloides
entger,ÈÕ¹´Î¬¶àÔ´¸Ë¾ú,Pluralibacter gergoviae
porasa,²»½âÌÇß²ßøµ¥°û¾ú,Porphyromonas asaccharolytica
porgin,ÑÀö¸ß²ßøµ¥°û¾ú,Porphyromonas gingivalis
porgul,¶¯Îï¿ÚÇ»ßøµ¥°û¾ú,Porphyromonas gulae
poruen,ÉÏÒ°ß²ßøµ¥°û¾ú,Porphyromonas uenonis
bacbiv,¶şÂ·ÆÕÀ×ÎÖ¶û¾ú,Prevotella bivia
bacbuc,¼ÕÆÕÀ×ÎÖ¾ú,Prevotella buccae
preden,ÆÜÑÀÆÕÀ×ÎÖ¾ú,Prevotella denticola
bacdis,½âÌÇëËÆÕÀ×ÎÖ¾ú,Prevotella disiens
bacint,ÖĞ¼äÆÕÀ×ÎÖ¾ú,Prevotella intermedia
bacmel,²úºÚÉ«ËØÆÕÀ×ÎÖ¾ú,Prevotella melaninogenica
prenan,À¼Î÷ÆÕÀ×ÎÖ¾ú,Prevotella nanceiensis
bacora,¿ÚÇ»ÆÕÀ×ÎÖ¾ú,Prevotella oralis
preori,¿ÚÆÕÀ×ÎÖ¾ú,Prevotella oris
presal,ÍÙÒºÆÕÀ×ÎÖ¾ú,Prevotella salivae
pvetim,µÙÃÉÆÕÀ×ÎÖ¾ú,Prevotella timonensis
proacn,´¯ğåÆ¤·ô¸Ë¾ú,Cutibacterium acnes
progra,¿ÅÁ£Æ¤·ô¸Ë¾ú,Cutibacterium granulosum
propro,±ûËá¼Ù±ûËá¸Ë¾ú,Pseudopropionibacterium propionicum
prohau,ºÀÔó±äĞÎ¸Ë¾ú,Proteus hauseri
promir,ÆæÒì±äĞÎ¸Ë¾ú,Proteus mirabilis
propen,ÅíÊÏ±äĞÎ¸Ë¾ú,Proteus penneri
provlg,ÆÕÍ¨±äĞÎ¸Ë¾ú,Proteus vulgaris
prowic,ÎºÊÏÔ­±Ú¾ú,Prototheca wickerhamii
prozop,×ôÊÏÔ­±Ú¾ú,Prototheca zopfii
proalc,²ú¼îÆÕÂŞÍşµÇË¹¾ú,Providencia alcalifaciens
proret,À×ÊÏÆÕÂŞÍşµÇË¹¾ú,Providencia rettgeri
prorus,À­ÊÏÆÕÂŞÍşµÇË¹¾ú,Providencia rustigianii
prostu,Ê©ÊÏÆÕÂŞÍşµÇË¹¾ú,Providencia stuartii
pseaer,Í­ÂÌ¼Ùµ¥°û¾ú,Pseudomonas aeruginosa
psealc,²ú¼î¼Ùµ¥°û¾ú,Pseudomonas alcaligenes
pseflu,Ó«¹â¼Ùµ¥°û¾ú,Pseudomonas fluorescens
cdcve1,Ç³»Æ¼Ùµ¥°û¾ú,Pseudomonas luteola
psemen,ÃÅ¶àÈø¼Ùµ¥°û¾ú,Pseudomonas mendocina
psepsu,ÊÉÓÍ¼Ùµ¥°û¾ú,Pseudomonas oleovorans
cdcve2,ÆÜµ¾¼Ùµ¥°û¾ú,Pseudomonas oryzihabitans
pseput,¶ñ³ô¼Ùµ¥°û¾ú,Pseudomonas putida
psespe,¼Ùµ¥°û¾úÊô,Pseudomonas spp
psestu,Ê©ÊÏ¼Ùµ¥°û¾ú,Pseudomonas stutzeri
rahaqu,Ë®ÉúÀ­¶÷¾ú,Rahnella aquatilis
ralins,Î£º¦ÂŞ¶ûË¹¶Ù¾ú,Ralstonia insidiosa
ralman,½â¸ÊÂ¶´¼ÂŞ¶ûË¹¶Ù¾ú,Ralstonia mannitolilytica
burpic,Æ¤ÊÏÂŞ¶ûË¹¶Ù¾ú,Ralstonia pickettii
kleorn,½âÄñ°±ËáÀ­ÎÚ¶û¾ú,Raoultella ornithinolytica
klepla,Ö²ÉúÀ­ÎÚ¶û¾ú,Raoultella planticola
kleter,ÍÁÉúÀ­ÎÚ¶û¾ú,Raoultella terrigena
rhirad,·ÅÉä¸ùÁö¾ú,Rhizobium radiobacter
rhocop,ÊÈ·àºìÇò¾ú,Rhodococcus coprophilus
rhoceg,ÊÈ·àºìÇò¾ú/ ºì´®ºìÇò¾ú/ Ô²ºìÇò¾ú,Rhodococcus coprophilus/erythropolis/globerulus
rhoequ,»ô¸ñºìÇò¾ú,Rhodococcus hoagie
rhoery,ºì³ÇºìÇò¾ú,Rhodococcus erythropolis
rhofas,ÊøºìÇò¾ú,Rhodococcus fascians
rhoglo,Ô²ºìÇò¾ú,Rhodococcus globerulus
rhoopa,»ì×ÇºìÇò¾ú,Rhodococcus opacus
rhordn,´»ÏóºìÇò¾ú,Rhodococcus rhodnii
rhorch,×ÏºìºìÇò¾ú,Rhodococcus rhodochrous
rhorbr,³àºìÇò¾ú,Rhodococcus ruber
rhoglu,Õ³ºì½ÍÄ¸,Rhodotorula glutinis
rhogmc,Õ³ºì½ÍÄ¸/½ººì½ÍÄ¸/(ÂŞÂ×ÌØÒşÇò¾ú),Rhodotorula glutinis/mucilaginosa/(Crypto.laurentii)
rhomin,Ğ¡ºì½ÍÄ¸,Rhodotorula minuta
rhorub,½ººì½ÍÄ¸,Rhodotorula mucilaginosa
rieana,Ñ¼ÎÁÁ¢Ä¬¾ú,Riemerella anatipestifer
rosgil,¼ªÀ­¶ûÃµ¹åµ¥°û¾ú,Roseomonas gilardii
rotden,È£³İÂŞË¹¾ú,Rothia dentocariosa
rotmuc,Õ³»¬ÂŞË¹¾ú,Rothia mucilaginosa
saccer,Äğ¾Æ½ÍÄ¸,Saccharomyces cerevisiae
salari,³¦É³ÃÅ¾úÑÇÀûÉ£ÄÇÑÇÖÖ,Salmonella enterica ssp arizonae
saledi,³¦É³ÃÅ¾úË«ÏàÑÇÀûÉ£ÄÇÑÇÖÖ,Salmonella enterica ssp diarizonae
salchs,³¦É³ÃÅ¾ú³¦ÑÇÖÖ,Salmonella enterica ssp enterica
salgrp,É³ÃÅ¾úÈº,Salmonella group
salent,³¦Ñ×É³ÃÅ¾úÑªÇåĞÍ,Salmonella ser.Enteritidis
salgal,¼¦É³ÃÅ¾úÑªÇåĞÍ,Salmonella ser.Gallinarum
salpta,¼×ĞÍ¸±ÉËº®É³ÃÅ¾úÑªÇåĞÍ,Salmonella ser.Paratyphi A
salptb,ÒÒĞÍ¸±ÉËº®É³ÃÅ¾úÑªÇåĞÍ,Salmonella ser.Paratyphi B
salptc,±ûĞÍ¸±ÉËº®É³ÃÅ¾úÑªÇåĞÍ,Salmonella ser.Paratyphi C
saltyp,ÉËº®É³ÃÅ¾úÑªÇåĞÍ,Salmonella ser.Typhi
saltym,ÊóÉËº®É³ÃÅ¾úÑªÇåĞÍ,Salmonella ser.Typhimurium
salspe,É³ÃÅ¾úÊô,Salmonella spp
geocap,Í·×´¸¯Ö³½ÍÄ¸,Saprochaete capitata
serfic,ÎŞ»¨¹ûÉ³À×¾ú,Serratia ficaria
serfon,¾ÓÈªÉ³À×¾ú,Serratia fonticola
sergri,¸ñÊÏÉ³À×¾ú,Serratia grimesii
serliq,Òº»¯É³À×¾ú,Serratia liquefaciens
serlgr,Òº»¯É³À×¾úÈº,Serratia liquefaciens group
sermar,Õ³ÖÊÉ³À×¾ú,Serratia marcescens
serodo,ÆøÎ¶É³À×¾ú,Serratia odorifera
serply,ÆÕ³ÇÉ³À×¾ú,Serratia plymuthica
serprs,±äĞÎ°ßÉ³À×¾ú,Serratia proteamaculans
serrub,ÉîºìÉ³À×¾ú,Serratia rubidaea
shealg,º£ÔåÏ£Íß¾ú,Shewanella algae
sheput,¸¯°ÜÏ£Íß¾ú,Shewanella putrefaciens
psepgp,¸¯°ÜÏ£Íß¾úÈº,Shewanella putrefaciens group
shiboy,±«ÊÏÖ¾ºØ¾ú,Shigella boydii
shidys,Á¡¼²Ö¾ºØ¾ú,Shigella dysenteriae
shifle,¸¥ÊÏÖ¾ºØ¾ú,Shigella flexneri
shigrp,Ö¾ºØ¾úÈº,Shigella group
shison,Ë÷ÊÏÖ¾ºØ¾ú,Shigella sonnei
shispe,Ö¾ºØ¾úÊô,Shigella spp
flamul,¶àÊ³ÇÊ°±´¼¸Ë¾ú,Sphingobacterium multivorum
sphspi,Ê³´¼ÇÊ°±´¼¸Ë¾ú,Sphingobacterium spiritivorum
sphtha,ÊÈÎÂÇÊ°±´¼¸Ë,Sphingobacterium thalpophilum
psepau,ÉÙ¶¯ÇÊ°±´¼µ¥°û¾ú,Sphingomonas paucimobilis
sposal,ô÷É«ÖÀæß½ÍÄ¸,Sporobolomyces salmonicolor
stapse,¼ÙÖĞ¼äÆÏÌÑÇò¾ú,Staphlyococcus pseudintermedius
staarl,°¢¶ûÀ³ÌØÆÏÌÑÇò¾ú,Staphylococcus arlettae
staaur,½ğ»ÆÉ«ÆÏÌÑÇò¾ú,Staphylococcus aureus
staaui,¶úÆÏÌÑÇò¾ú,Staphylococcus auricularis
stacap,Í·ÆÏÌÑÇò¾ú,Staphylococcus capitis
stacpr,É½ÑòÆÏÌÑÇò¾ú,Staphylococcus caprae
stacsc,ÈâÆÏÌÑÇò¾úÈâÇòÑÇÖÖ,Staphylococcus carnosus ssp carnosus
stachr,²úÉ«ÆÏÌÑÇò¾ú,Staphylococcus chromogenes
stacoh,¿ÆÊÏÆÏÌÑÇò¾ú,Staphylococcus cohnii
stasco,¿ÆÊÏÆÏÌÑÇò¾ú¿ÆÊÏÑÇÖÖ,Staphylococcus cohnii ssp cohnii
stasur,¿ÆÊÏÆÏÌÑÇò¾ú½âëåÑÇÖÖ,Staphylococcus cohnii ssp urealyticus
staepi,±íÆ¤ÆÏÌÑÇò¾ú,Staphylococcus epidermidis
staequ,ÂíÆÏÌÑÇò¾ú,Staphylococcus equorum
stagal,¼¦ÆÏÌÑÇò¾ú,Staphylococcus gallinarum
stahae,ÈÜÑªÆÏÌÑÇò¾ú,Staphylococcus haemolyticus
stahom,ÈËÆÏÌÑÇò¾ú,Staphylococcus hominis
stahsh,ÈËÆÏÌÑÇò¾úÈËÑÇÖÖ,Staphylococcus hominis ssp hominis
stahsn,ÈËÆÏÌÑÇò¾úÄÍĞÂÉúÃ¹ËØ°ÜÑªÖ¢ÑÇÖÖ,Staphylococcus hominis ssp novobiosepticus
stahyi,ÖíÆÏÌÑÇò¾ú,Staphylococcus hyicus
staint,ÖĞ¼äÆÏÌÑÇò¾ú,Staphylococcus intermedius
staklo,¿ËÊÏÆÏÌÑÇò¾ú,Staphylococcus kloosii
stalen,»ºÂıÆÏÌÑÇò¾ú,Staphylococcus lentus
stalug,Â·µÇÆÏÌÑÇò¾ú,Staphylococcus lugdunensis
pepsac,½âÌÇÆÏÌÑÇò¾ú,Staphylococcus saccharolyticus
stasap,¸¯ÉúÆÏÌÑÇò¾ú,Staphylococcus saprophyticus
stasch,Ê©ÊÏÆÏÌÑÇò¾ú,Staphylococcus schleiferi
stasci,ËÉÊóÆÏÌÑÇò¾ú,Staphylococcus sciuri
stasim,Ä£·ÂÆÏÌÑÇò¾ú,Staphylococcus simulans
stavit,Ğ¡Å£ÆÏÌÑÇò¾ú,Staphylococcus vitulinus
stawar,ÎÖÊÏÆÏÌÑÇò¾ú,Staphylococcus warneri
staxyl,Ä¾ÌÇÆÏÌÑÇò¾ú,Staphylococcus xylosus
psemal,ÊÈÂóÑ¿Õ­Ê³µ¥°û¾ú,Stenotrophomonas maltophilia
straga,ÎŞÈéÁ´Çò¾ú,Streptococcus agalactiae
strala,²»½âÈéÁ´Çò¾ú,Streptococcus alactolyticus
strang,ÑÊÏ¿Ñ×Á´Çò¾ú,Streptococcus anginosus
strbov,Å£Á´Çò¾ú,Streptococcus bovis
strcan,È®Á´Çò¾ú,Streptococcus canis
strcon,ĞÇ×ùÁ´Çò¾ú,Streptococcus constellatus
strcsc,ĞÇ×ùÁ´Çò¾úĞÇ×ùÑÇÖÖ,Streptococcus constellatus ssp constellatus
strcsp,ĞÇ×ùÁ´Çò¾úÑÊÑ×ÑÇÖÖ,Streptococcus constellatus ssp pharyngis
strcri,áÕÁ´Çò¾ú,Streptococcus cristatus
strdro,µÀ¶÷Á´Çò¾ú,Streptococcus downei
strdys,Í£ÈéÁ´Çò¾úÍ£ÈéÑÇÖÖ,Streptococcus dysgalactiae ssp dysgalactiae
streqs,Í£ÈéÁ´Çò¾úÂíÑùÑÇÖÖ,Streptococcus dysgalactiae ssp equisimilis
streq,ÂíÁ´Çò¾úÂíÑÇÖÖ,Streptococcus equi ssp equi
strzoo,ÂíÁ´Çò¾úÊŞÎÁÑÇÖÖ,Streptococcus equi ssp zooepidemicus
streqn,Âí³¦Á´Çò¾ú,Streptococcus equinus
strpga,½âÃ»Ê³×ÓËáÁ´Çò¾ú½âÃ»Ê³×ÓËáÑÇÖÖ,Streptococcus gallolyticus ssp gallolyticus
strpas,½âÃ»Ê³×ÓËáÁ´Çò¾ú°ÍË¹µÂÑÇÖÖ,Streptococcus gallolyticus ssp pasteurianus
strgor,¸êµÇÁ´Çò¾ú,Streptococcus gordonii
strgra,Á´Çò¾ú A ×é,Streptococcus group A
strgrb,Á´Çò¾ú B ×é,Streptococcus group B
strgrc,Á´Çò¾ú C ×é,Streptococcus group C
strgrg,Á´Çò¾ú G ×é,Streptococcus group G
strhyo,Öí³¦Á´Çò¾ú,Streptococcus hyointestinalis
strpco,Ó¤¶ùÁ´Çò¾ú´ó³¦ÑÇÖÖ(°ÍÀèÁ´Çò¾ú),Streptococcus infantarius ssp coli (Str. luetiensis)
strpin,Ó¤¶ùÁ´Çò¾úÓ¤¶ùÑÇÖÖ,Streptococcus infantarius ssp infantarius
strini,º£ëàÁ´Çò¾ú,Streptococcus iniae
strint,ÖĞ¼äÁ´Çò¾ú,Streptococcus intermedius
strmit,»ºÖ¢Á´Çò¾ú,Streptococcus mitis
strmo,»ºÖ¢Á´Çò¾ú/¿ÚÇ»Á´Çò¾ú,Streptococcus mitis/Streptococcus oralis
strmut,±äÒìÁ´Çò¾ú,Streptococcus mutans
strsa2,¿ÚÇ»Á´Çò¾ú,Streptococcus oralis
strovi,ÑòÁ´Çò¾ú,Streptococcus ovis
strpar,¸±ÑªÁ´Çò¾ú,Streptococcus parasanguinis
strplu,¶à¶¯ÎïÁ´Çò¾ú,Streptococcus pluranimalium
strpne,·ÎÑ×Á´Çò¾ú,Streptococcus pneumoniae
strpor,õ¹Á´Çò¾ú,Streptococcus porcinus
strpse,¼Ùõ¹Á´Çò¾ú,Streptococcus pseudoporcinus
strpyo,»¯Å§Á´Çò¾ú,Streptococcus pyogenes
strslv,ÍÙÒºÁ´Çò¾úÍÙÒºÑÇÖÖ,Streptococcus salivarus spp salivarus
strthe,ÍÙÒºÁ´Çò¾úÊÈÈÈÑÇÖÖ,Streptococcus salivarus ssp thermophilus
strsa1,ÑªÁ´Çò¾ú,Streptococcus sanguinis
strsob,±íĞÖÁ´Çò¾ú,Streptococcus sobrinus
strsui,ÖíÁ´Çò¾ú,Streptococcus suis
strsI,ÖíÁ´Çò¾úIĞÍ,Streptococcus suis I
strsII,ÖíÁ´Çò¾úIIĞÍ,Streptococcus suis II
strtho,ÍĞ¶ûºÀÌØÁ´Çò¾ú,Streptococcus thoraltensis
strube,Å£ÈéÏÙÁ´Çò¾ú,Streptococcus uberis
strves,Ç°Í¥Á´Çò¾ú,Streptococcus vestibularis
strvir,²İÂÌÉ«Á´Çò¾úÈº£¨³ı·ÎÑ×Á´Çò¾ú£©,Streptococcus viridans group except S.pneumoniae
kinind,²úßÅßáÈø¶Ù¾ú,Suttonella indologenes
tatpty,ÌµËşÌØÄ·¾ú,Tatumella ptyseos
clogly,ÒÒ¶ş´¼·¢½ÍÍÁÑ¿æß¸Ë¾ú,Terrisporobacter glycolicus
triasa,°¢É³Ë¿æß½ÍÄ¸,Trichosporon asahii
triink,Æ¤ÁöË¿æß½ÍÄ¸,Trichosporon inkin
trimuc,Õ³×´Ë¿æß½ÍÄ¸,Trichosporon mucoides
arcber,²®ÊÏÌØÂÀÅå¶û¾ú,Trueperella bernardiae
corpyo,»¯Å§ÌØÂÀÅå¶û¾ú,Trueperella pyogenes
turoti,¶úÑ×°ô×´¸Ë¾ú,Corynebacterium otitidis
vagflu,ºÓÁ÷ÂşÓÎÇò¾ú,Vagococcus fluvialis
veispp,Î¤ÈÙÇò¾úÊô,Veillonella spp
vibalg,ÈÜÔå»¡¾ú,Vibrio alginolyticus
vibcho,»ôÂÒ»¡¾ú,Vibrio cholerae
vibflu,ºÓÁ÷»¡¾ú,Vibrio fluvialis
vibhar,¹şÎ¬»¡¾ú,Vibrio harveyi
vibmet,Ã·ÊÏ»¡¾ú,Vibrio metschnikovii
vibmim,ÄâÌ¬»¡¾ú,Vibrio mimicus
vibpar,¸±ÈÜÑª»¡¾ú,Vibrio parahaemolyticus
vibvul,´´ÉË»¡¾ú,Vibrio vulnificus
vrgpan,·ºËáÖ¦Ñ¿æß¸Ë¾ú,Virgibacillus pantothenticus
virpro,ÆÕÀÕÄ·Ö¦Ñ¿æß¸Ë¾ú,Virgibacillus proomii
yerald,°¢ÊÏÒ®¶ûÉ­¾ú,Yersinia aldovae
yerent,Ğ¡³¦½á³¦Ñ×Ò®¶ûÉ­¾ú,Yersinia enterocolitica
yeregr,Ğ¡³¦½á³¦Ñ×Ò®¶ûÉ­¾úÈº,Yersinia enterocolitica group
yerefr,Ğ¡³¦½á³¦Ñ×/¸¥ÊÏÒ®¶ûÉ­¾ú,Yersinia enterocolitica/Yersinia frederiksenii
yerfre,¸¥ÊÏÒ®¶ûÉ­¾ú,Yersinia frederiksenii
yerint,ÖĞ¼äÒ®¶ûÉ­¾ú,Yersinia intermedia
yerkri,¿ËÊÏÒ®¶ûÉ­¾ú,Yersinia kristensenii
yerpst,ÊóÒßÒ®¶ûÉ­¾ú,Yersinia pestis
yerpse,¼Ù½áºËÒ®¶ûÉ­¾ú,Yersinia pseudotuberculosis
yerruc,Â³ÊÏÒ®¶ûÉ­¾ú,Yersinia ruckeri
yokreg,À×½ğË¹±¤Ô¤ÑĞ¾ú,Yokenella regensburgei
zygbai,°İÊÏ½ÓºÏ½ÍÄ¸,Zygosaccharomyces bailii
zygspe,½ÓºÏ½ÍÄ¸Êô,Zygosaccharomyces spp
aersan,¾ÓÑªÆøÇò¾ú,Aerococcus sanguinicola
camlar,º£Å¸ÍäÇú¾ú,Campylobacter lari
glapar,¸±Öí¸ñÀ­Ôó¾ú,Glaesserella parasuis
ornrhi,±ÇÆø¹ÜÄñ¸Ë¾ú,Ornithobacterium rhinotracheale
stafel,Ã¨ÆÏÌÑÇò¾ú,Staphylococcus felis
,,
